{"ts": 1763367932.191892, "count": 1}\n{"ts": 1763367935.2274096, "count": 1}\n{"ts": 1763367938.2341263, "count": 1}\n{"ts": 1763367941.2405946, "count": 1}\n{"ts": 1763367944.2452447, "count": 2}\n{"ts": 1763367947.252131, "count": 2}\n{"ts": 1763367950.2585902, "count": 2}\n{"ts": 1763379588.3823438, "count": 1}\n{"ts": 1763379591.3929088, "count": 1}\n{"ts": 1763379594.3994133, "count": 1}\n{"ts": 1763379597.4056783, "count": 1}\n{"ts": 1763379600.4124315, "count": 1}\n{"ts": 1763379603.4188333, "count": 1}\n{"ts": 1763379606.423852, "count": 1}\n{"ts": 1763379609.4303527, "count": 1}\n{"ts": 1763379612.4373991, "count": 1}\n{"ts": 1763379615.4441748, "count": 1}\n{"ts": 1763379618.4510944, "count": 1}\n{"ts": 1763379621.4565732, "count": 1}\n{"ts": 1763379624.462433, "count": 1}\n{"ts": 1763379627.4673963, "count": 1}\n{"ts": 1763379630.4746015, "count": 1}\n{"ts": 1763379633.4805236, "count": 1}\n{"ts": 1763379636.4865954, "count": 1}\n{"ts": 1763379639.4928997, "count": 1}\n{"ts": 1763379642.497473, "count": 1}\n{"ts": 1763379645.5018952, "count": 1}\n{"ts": 1763379648.5077918, "count": 1}\n{"ts": 1763379651.5140595, "count": 1}\n{"ts": 1763379654.519288, "count": 1}\n{"ts": 1763379657.526039, "count": 1}\n{"ts": 1763379660.5326457, "count": 1}\n{"ts": 1763379663.5373929, "count": 1}\n{"ts": 1763379666.5437548, "count": 1}\n{"ts": 1763379669.5505629, "count": 1}\n{"ts": 1763379672.5563753, "count": 1}\n{"ts": 1763379675.5623071, "count": 1}\n{"ts": 1763379678.5683908, "count": 1}\n{"ts": 1763379681.5741775, "count": 1}\n{"ts": 1763379684.5791874, "count": 1}\n{"ts": 1763379687.58415, "count": 1}\n{"ts": 1763379690.5892458, "count": 1}\n{"ts": 1763379693.5955539, "count": 1}\n{"ts": 1763379696.6015127, "count": 1}\n{"ts": 1763379699.6078663, "count": 1}\n{"ts": 1763379702.613827, "count": 1}\n{"ts": 1763379705.6183379, "count": 1}\n{"ts": 1763379708.6245632, "count": 1}\n{"ts": 1763379711.631043, "count": 1}\n{"ts": 1763379714.6369321, "count": 1}\n{"ts": 1763379717.6433542, "count": 1}\n{"ts": 1763379720.648575, "count": 1}\n{"ts": 1763379723.653146, "count": 1}\n{"ts": 1763379726.6585283, "count": 1}\n{"ts": 1763379729.664004, "count": 1}\n{"ts": 1763379732.6686509, "count": 1}\n{"ts": 1763379735.6750782, "count": 1}\n{"ts": 1763379738.6815689, "count": 1}\n{"ts": 1763379741.6875694, "count": 1}\n{"ts": 1763379744.694272, "count": 1}\n{"ts": 1763379747.7013192, "count": 1}\n{"ts": 1763379750.7068462, "count": 1}\n{"ts": 1763379753.7123554, "count": 1}\n{"ts": 1763379756.7184894, "count": 1}\n{"ts": 1763379759.724376, "count": 1}\n{"ts": 1763379762.7304425, "count": 1}\n{"ts": 1763379765.7371936, "count": 1}\n{"ts": 1763379768.744858, "count": 1}\n{"ts": 1763379771.7503226, "count": 1}\n{"ts": 1763379774.7569566, "count": 1}\n{"ts": 1763379777.7639074, "count": 1}\n{"ts": 1763379780.7713528, "count": 1}\n{"ts": 1763379783.7783, "count": 1}\n{"ts": 1763379786.7844625, "count": 1}\n{"ts": 1763379789.7909842, "count": 1}\n{"ts": 1763379792.7975905, "count": 1}\n{"ts": 1763379795.8039553, "count": 1}\n{"ts": 1763379798.8100395, "count": 1}\n{"ts": 1763379801.8175015, "count": 1}\n{"ts": 1763379804.8243163, "count": 1}\n{"ts": 1763379807.830577, "count": 1}\n{"ts": 1763379810.835932, "count": 1}\n{"ts": 1763379813.8429403, "count": 1}\n{"ts": 1763379816.8501446, "count": 1}\n{"ts": 1763379819.8569705, "count": 1}\n{"ts": 1763379822.8627682, "count": 1}\n{"ts": 1763379825.8696525, "count": 1}\n{"ts": 1763379828.875287, "count": 1}\n{"ts": 1763379831.8814836, "count": 1}\n{"ts": 1763379834.8879864, "count": 1}\n{"ts": 1763379837.8937507, "count": 1}\n{"ts": 1763379840.8992782, "count": 1}\n{"ts": 1763379843.9039419, "count": 1}\n{"ts": 1763379846.910281, "count": 1}\n{"ts": 1763379849.916427, "count": 1}\n{"ts": 1763379852.9224362, "count": 1}\n{"ts": 1763379855.9292758, "count": 1}\n{"ts": 1763379858.9361815, "count": 1}\n{"ts": 1763379861.942434, "count": 1}\n{"ts": 1763379864.9494762, "count": 1}\n{"ts": 1763379867.9552724, "count": 1}\n{"ts": 1763379870.9615364, "count": 1}\n{"ts": 1763379873.9677987, "count": 1}\n{"ts": 1763379876.9740658, "count": 1}\n{"ts": 1763379879.9800646, "count": 1}\n{"ts": 1763379882.9862359, "count": 1}\n{"ts": 1763379885.9931545, "count": 1}\n{"ts": 1763379888.9987667, "count": 1}\n{"ts": 1763379892.0055802, "count": 1}\n{"ts": 1763379895.0115583, "count": 1}\n{"ts": 1763379898.0169792, "count": 1}\n{"ts": 1763379901.022975, "count": 1}\n{"ts": 1763379904.0292523, "count": 1}\n{"ts": 1763379907.0351958, "count": 1}\n{"ts": 1763379910.0419676, "count": 1}\n{"ts": 1763379913.0481875, "count": 1}\n{"ts": 1763379916.054411, "count": 1}\n{"ts": 1763379919.0603626, "count": 1}\n{"ts": 1763379922.066511, "count": 1}\n{"ts": 1763379925.0737576, "count": 1}\n{"ts": 1763379928.0793436, "count": 1}\n{"ts": 1763379931.0853057, "count": 1}\n{"ts": 1763379934.092016, "count": 1}\n{"ts": 1763379937.0984814, "count": 1}\n{"ts": 1763379940.1056597, "count": 1}\n{"ts": 1763379943.112569, "count": 1}\n{"ts": 1763379946.1185465, "count": 1}\n{"ts": 1763379949.1246476, "count": 1}\n{"ts": 1763379952.131679, "count": 1}\n{"ts": 1763379955.1380293, "count": 1}\n{"ts": 1763379958.144763, "count": 1}\n{"ts": 1763379961.1506708, "count": 1}\n{"ts": 1763379964.1574109, "count": 1}\n{"ts": 1763379967.1635878, "count": 1}\n{"ts": 1763379970.170438, "count": 1}\n{"ts": 1763379973.1769536, "count": 1}\n{"ts": 1763379976.1825883, "count": 1}\n{"ts": 1763379979.1890454, "count": 1}\n{"ts": 1763379982.1960208, "count": 1}\n{"ts": 1763379985.202226, "count": 1}\n{"ts": 1763379988.2089663, "count": 1}\n{"ts": 1763379991.214905, "count": 1}\n{"ts": 1763379994.2214801, "count": 1}\n{"ts": 1763379997.2271569, "count": 1}\n{"ts": 1763380000.2341921, "count": 1}\n{"ts": 1763380003.2423768, "count": 1}\n{"ts": 1763380006.250027, "count": 1}\n{"ts": 1763380009.2573342, "count": 1}\n{"ts": 1763380012.2633414, "count": 1}\n{"ts": 1763380015.2692537, "count": 1}\n{"ts": 1763380018.275226, "count": 1}\n{"ts": 1763380021.2816145, "count": 1}\n{"ts": 1763380024.2881992, "count": 1}\n{"ts": 1763380027.2950587, "count": 1}\n{"ts": 1763380030.3012853, "count": 1}\n{"ts": 1763380033.3072488, "count": 1}\n{"ts": 1763380036.3135226, "count": 1}\n{"ts": 1763380039.3200169, "count": 1}\n{"ts": 1763380042.3259628, "count": 1}\n{"ts": 1763380045.3325577, "count": 1}\n{"ts": 1763380048.3394024, "count": 1}\n{"ts": 1763380051.3457565, "count": 1}\n{"ts": 1763380054.3517425, "count": 1}\n{"ts": 1763380057.358371, "count": 1}\n{"ts": 1763380060.3651206, "count": 1}\n{"ts": 1763380063.3711329, "count": 1}\n{"ts": 1763380066.3785021, "count": 1}\n{"ts": 1763380069.386146, "count": 1}\n{"ts": 1763380072.3935595, "count": 1}\n{"ts": 1763380075.3996713, "count": 1}\n{"ts": 1763380078.4056745, "count": 1}\n{"ts": 1763380081.4115894, "count": 1}\n{"ts": 1763380084.417944, "count": 1}\n{"ts": 1763380087.4252186, "count": 1}\n{"ts": 1763380090.4314594, "count": 1}\n{"ts": 1763380093.4378161, "count": 1}\n{"ts": 1763380096.4436944, "count": 1}\n{"ts": 1763380099.4499402, "count": 1}\n{"ts": 1763380102.4565802, "count": 1}\n{"ts": 1763380105.4620984, "count": 1}\n{"ts": 1763380108.4681106, "count": 1}\n{"ts": 1763380111.47428, "count": 1}\n{"ts": 1763380114.4799633, "count": 1}\n{"ts": 1763380117.486388, "count": 1}\n{"ts": 1763380120.492981, "count": 1}\n{"ts": 1763380123.498735, "count": 1}\n{"ts": 1763380126.5054345, "count": 1}\n{"ts": 1763380129.512363, "count": 1}\n{"ts": 1763380132.5189233, "count": 1}\n{"ts": 1763380135.525669, "count": 1}\n{"ts": 1763380138.5322096, "count": 1}\n{"ts": 1763380141.5388677, "count": 1}\n{"ts": 1763380144.5445683, "count": 1}\n{"ts": 1763380147.5505002, "count": 1}\n{"ts": 1763380150.5567844, "count": 1}\n{"ts": 1763380153.562546, "count": 1}\n{"ts": 1763380156.5686388, "count": 1}\n{"ts": 1763380159.5741568, "count": 1}\n{"ts": 1763380162.5802546, "count": 1}\n{"ts": 1763380165.5863767, "count": 1}\n{"ts": 1763380168.5926008,